hash,path,referenced_count,action,kept_path
094c66bb7298dd27c9e489c5e9285a4c5fdc8469c6eaf673c2d7fb43fea6cb75,dataset/images/maritime/ship_engine_room.jpg,0,delete,dataset/images/maritime/ship_engine_room_crankshaft.jpg
094c66bb7298dd27c9e489c5e9285a4c5fdc8469c6eaf673c2d7fb43fea6cb75,dataset/images/maritime/ship_engine_room_crankshaft.jpg,0,keep,dataset/images/maritime/ship_engine_room_crankshaft.jpg
166806d8410db70763a6c86a3a1d03e020e850c124699dbb8b747d33deb30b30,dataset/images/manufacturing/swarm_robotics_coordination_platform.jpg,0,delete,dataset/images/robotics/swarm_robotics_coordination_platform.jpg
166806d8410db70763a6c86a3a1d03e020e850c124699dbb8b747d33deb30b30,dataset/images/robotics/swarm_robotics_coordination_platform.jpg,0,keep,dataset/images/robotics/swarm_robotics_coordination_platform.jpg
1d32a1009f2a818a28fdc22cc3adbc9280ff8b84961d483a172f060f10bf0243,dataset/images/manufacturing/autonomous_mobile_robot.jpg,0,delete,dataset/images/robotics/autonomous_mobile_robot.jpg
1d32a1009f2a818a28fdc22cc3adbc9280ff8b84961d483a172f060f10bf0243,dataset/images/robotics/autonomous_mobile_robot.jpg,9,keep,dataset/images/robotics/autonomous_mobile_robot.jpg
2a0558503a86e598b1f3a8258ab6bdbf857739ed42f0993a863a09ddf0ca3b6b,dataset/images/manufacturing/rob_005.jpg,0,delete,dataset/images/robotics/rob_005.jpg
2a0558503a86e598b1f3a8258ab6bdbf857739ed42f0993a863a09ddf0ca3b6b,dataset/images/robotics/rob_005.jpg,0,keep,dataset/images/robotics/rob_005.jpg
350e2b4bab1e80eca9078863e875be46daea006e190980cefc002736b0b3d326,dataset/images/manufacturing/rob_009.jpg,0,delete,dataset/images/robotics/rob_009.jpg
350e2b4bab1e80eca9078863e875be46daea006e190980cefc002736b0b3d326,dataset/images/robotics/rob_009.jpg,0,keep,dataset/images/robotics/rob_009.jpg
36aea6255db36e75de63025f14b50316bdaf552d954b9bf85435c244be4ea9af,dataset/images/manufacturing/parallel_kinematic_hexapod.jpg,0,delete,dataset/images/robotics/parallel_kinematic_hexapod.jpg
36aea6255db36e75de63025f14b50316bdaf552d954b9bf85435c244be4ea9af,dataset/images/robotics/parallel_kinematic_hexapod.jpg,8,keep,dataset/images/robotics/parallel_kinematic_hexapod.jpg
51685245aca742e6c84aa6a4de2181f747a918b00ff54272803d36204d735a51,dataset/images/manufacturing/underwater_rov_manipulator_arm.jpg,0,keep,dataset/images/manufacturing/underwater_rov_manipulator_arm.jpg
51685245aca742e6c84aa6a4de2181f747a918b00ff54272803d36204d735a51,dataset/images/robotics/underwater_rov_manipulator_arm.jpg,0,delete,dataset/images/manufacturing/underwater_rov_manipulator_arm.jpg
66e14945d82dd2b0541f79e8cc9d660de635340e1a1c8cfd60862b0728a91365,dataset/images/manufacturing/surgical_robot_instrument_arm.jpg,0,delete,dataset/images/robotics/surgical_robot_instrument_arm.jpg
66e14945d82dd2b0541f79e8cc9d660de635340e1a1c8cfd60862b0728a91365,dataset/images/robotics/surgical_robot_instrument_arm.jpg,8,keep,dataset/images/robotics/surgical_robot_instrument_arm.jpg
6aad3c979c3bf8e858d4159415aac1b9e20ff4e6914f72fad118b50a1b7e30a3,dataset/images/manufacturing/rob_008.jpg,0,delete,dataset/images/robotics/rob_008.jpg
6aad3c979c3bf8e858d4159415aac1b9e20ff4e6914f72fad118b50a1b7e30a3,dataset/images/robotics/rob_008.jpg,0,keep,dataset/images/robotics/rob_008.jpg
6dbd4881a2db03fe9f49404ae7063b243f4457c6ab2094e5a720c111cb255cbb,dataset/images/manufacturing/agricultural_harvesting_robot.jpg,0,delete,dataset/images/robotics/agricultural_harvesting_robot.jpg
6dbd4881a2db03fe9f49404ae7063b243f4457c6ab2094e5a720c111cb255cbb,dataset/images/robotics/agricultural_harvesting_robot.jpg,0,keep,dataset/images/robotics/agricultural_harvesting_robot.jpg
8beb4fa9ff4145e9b113eb2379ec585f4da455b9454e180ce72431ffb8575c8e,dataset/images/manufacturing/autonomous_mobile_robot_chassis.jpg,0,delete,dataset/images/robotics/autonomous_mobile_robot_chassis.jpg
8beb4fa9ff4145e9b113eb2379ec585f4da455b9454e180ce72431ffb8575c8e,dataset/images/robotics/autonomous_mobile_robot_chassis.jpg,0,keep,dataset/images/robotics/autonomous_mobile_robot_chassis.jpg
9f83574e29c035215ba4cc4608bc6052dccda13e42f61098d895caa9770dd0c7,dataset/images/manufacturing/exoskeleton_joint_assembly.jpg,0,delete,dataset/images/robotics/exoskeleton_joint_assembly.jpg
9f83574e29c035215ba4cc4608bc6052dccda13e42f61098d895caa9770dd0c7,dataset/images/robotics/exoskeleton_joint_assembly.jpg,0,keep,dataset/images/robotics/exoskeleton_joint_assembly.jpg
9fe659bf7bc1d057aec8725b1b64d1b9032e0c179db2f6b12e88e4b64bebcd53,dataset/images/manufacturing/collaborative_robot.jpg,0,delete,dataset/images/robotics/collaborative_robot.jpg
9fe659bf7bc1d057aec8725b1b64d1b9032e0c179db2f6b12e88e4b64bebcd53,dataset/images/robotics/collaborative_robot.jpg,17,keep,dataset/images/robotics/collaborative_robot.jpg
c06f093707786e45d91756820deb9ccf8a19b02b4c19b4dff3c837605298062c,dataset/images/construction/concrete_pump_truck.jpg,0,delete,dataset/images/construction/concrete_pump_truck_boom.jpg
c06f093707786e45d91756820deb9ccf8a19b02b4c19b4dff3c837605298062c,dataset/images/construction/concrete_pump_truck_boom.jpg,0,keep,dataset/images/construction/concrete_pump_truck_boom.jpg
c305322af92ef12e055ce6a41ecb42132ffd57a816025cfc5d7f58da3efad423,dataset/images/manufacturing/agv_fleet_navigation_unit.jpg,0,delete,dataset/images/robotics/agv_fleet_navigation_unit.jpg
c305322af92ef12e055ce6a41ecb42132ffd57a816025cfc5d7f58da3efad423,dataset/images/robotics/agv_fleet_navigation_unit.jpg,8,keep,dataset/images/robotics/agv_fleet_navigation_unit.jpg
c324328b4df9f5e5604b3d1f4b08df351e958996d04d439fb9a7201049805e50,dataset/images/manufacturing/robotic_pipe_crawler.jpg,0,delete,dataset/images/robotics/robotic_pipe_crawler.jpg
c324328b4df9f5e5604b3d1f4b08df351e958996d04d439fb9a7201049805e50,dataset/images/robotics/robotic_pipe_crawler.jpg,8,keep,dataset/images/robotics/robotic_pipe_crawler.jpg
c473f8f2cffe7b12a5f5a124d8d2c33b8063e64fe0c3f6b08ad6924964d69e2f,dataset/images/energy_power/hydroelectric_penstock_and_turbine_hall.jpg,0,keep,dataset/images/energy_power/hydroelectric_penstock_and_turbine_hall.jpg
c473f8f2cffe7b12a5f5a124d8d2c33b8063e64fe0c3f6b08ad6924964d69e2f,dataset/images/energy_power/hydroelectric_penstock_exterior.jpg,0,delete,dataset/images/energy_power/hydroelectric_penstock_and_turbine_hall.jpg
c93835bd90bdde134d84ca1ec7b73ec5f6a8a1210286c4b6d71a52fece2bddb2,dataset/images/manufacturing/industrial_robot_arm.jpg,0,delete,dataset/images/robotics/industrial_robot_arm.jpg
c93835bd90bdde134d84ca1ec7b73ec5f6a8a1210286c4b6d71a52fece2bddb2,dataset/images/robotics/industrial_robot_arm.jpg,9,keep,dataset/images/robotics/industrial_robot_arm.jpg
cecd57e174cc04b0affb59d5d14a942dc3a6634533b86ebfe9deb45b408845d1,dataset/images/manufacturing/rob_004.jpg,0,delete,dataset/images/robotics/rob_004.jpg
cecd57e174cc04b0affb59d5d14a942dc3a6634533b86ebfe9deb45b408845d1,dataset/images/manufacturing/rob_007.jpg,0,delete,dataset/images/robotics/rob_004.jpg
cecd57e174cc04b0affb59d5d14a942dc3a6634533b86ebfe9deb45b408845d1,dataset/images/robotics/rob_004.jpg,0,keep,dataset/images/robotics/rob_004.jpg
cecd57e174cc04b0affb59d5d14a942dc3a6634533b86ebfe9deb45b408845d1,dataset/images/robotics/rob_007.jpg,0,delete,dataset/images/robotics/rob_004.jpg
d2e281beb6a9a73677a2e2aa8a2a939a9e7365ed6950657d63a5617f9bdae653,dataset/images/manufacturing/rob_006.jpg,0,delete,dataset/images/robotics/rob_006.jpg
d2e281beb6a9a73677a2e2aa8a2a939a9e7365ed6950657d63a5617f9bdae653,dataset/images/robotics/rob_006.jpg,0,keep,dataset/images/robotics/rob_006.jpg
e7966d7b894df1e194c6721f73d231a12ed2478b1d766ce805cc7560ad1274df,dataset/images/manufacturing/snake_robot_inspection_unit.jpg,0,delete,dataset/images/robotics/snake_robot_inspection_unit.jpg
e7966d7b894df1e194c6721f73d231a12ed2478b1d766ce805cc7560ad1274df,dataset/images/robotics/snake_robot_inspection_unit.jpg,8,keep,dataset/images/robotics/snake_robot_inspection_unit.jpg
f1378bae193dd834e074164abc0537568236081c35690911304b439bedbc75e8,dataset/images/electronics/micro_004.jpg,0,delete,dataset/images/electronics/micro_lat_001.jpg
f1378bae193dd834e074164abc0537568236081c35690911304b439bedbc75e8,dataset/images/electronics/micro_lat_001.jpg,0,keep,dataset/images/electronics/micro_lat_001.jpg
fa42c60a82de73e6cc6a53afb0840721708e75d453bd7b4fb7db60d6ac063a1d,dataset/images/manufacturing/space_station_robotic_arm.jpg,0,delete,dataset/images/robotics/space_station_robotic_arm.jpg
fa42c60a82de73e6cc6a53afb0840721708e75d453bd7b4fb7db60d6ac063a1d,dataset/images/robotics/space_station_robotic_arm.jpg,0,keep,dataset/images/robotics/space_station_robotic_arm.jpg
